Lambdas,Train Error,Test Error,Number of Features
0.0298,0.386,0.3950,8
0.02435,0.357,0.4283,30
0.0173,0.328,0.4350,100
0.00737,0.2715,0.4283,302
4.00E-05,0.2585,0.4267,500
