K,Train Error,Test Error
10,0.13,0.14200000000000002
30,0.128,0.14100000000000001
100,0.128,0.14
300,0.127,0.14
500,0.1276666666666667,0.14
