K,Train Error,Test Error
10,0.402,0.4033333333333333
30,0.39949999999999997,0.405
100,0.398,0.4033333333333333
300,0.395,0.3983333333333333
500,0.395,0.4
